0,1,2,3,4,5,6,7
0.0028727369402167767,0.0021656301699807517,0.004083551409961507,0.0,0.004819381601535564,0.0102093993727664,0.00029168224356867904,0.0003093757385686788
0.0030730631240948603,0.007425017725648291,0.0017500934614120744,0.0003093757385686788,0.0034388829347104695,0.0006187514771373576,0.00631678962282409,0.005878139032804897
0.0027824712649740877,0.00525938755566754,0.0016240180010119976,0.0012375029542747152,0.0027824712649740877,0.007115641987079612,0.0005052084655266325,0.008353144941354328
0.0037918691663928277,0.0,0.008808610586607373,0.00525938755566754,0.00029168224356867904,0.0006187514771373576,0.0018215550272547548,0.003093757385686788
0.008827906580347605,0.008353144941354328,0.004872054003035993,0.0012375029542747152,0.0025925284889172194,0.00773439346421697,0.004009967880084054,0.0024750059085494303
0.005738065142496287,0.0009281272157060364,0.0005052084655266325,0.003093757385686788,0.006208105559637816,0.005568763294236219,0.004375233653530186,0.008043769202785649
0.002625140192118111,0.001546878692843394,0.0021033505706584974,0.004021884601392824,0.004413953290173802,0.0006187514771373576,0.008088596324640979,0.003093757385686788
0.009260624140033126,0.0018562544314120728,0.0007717186783360938,0.003093757385686788,0.0034388829347104695,0.005878139032804897,0.007993370812189118,0.007115641987079612
0.0044139532901738025,0.006496890509942255,0.004413953290173802,0.004950011817098861,0.004083551409961507,0.004640636078530182,0.0024921341814934145,0.0021656301699807517
0.006859185648525034,0.008043769202785649,0.008765039286025601,0.006806266248510933,0.0005833644871373581,0.0027843816471181094,0.003086874713344375,0.006187514771373576
0.004296747755369989,0.004331260339961503,0.0067276874634196095,0.00525938755566754,0.0011667289742747161,0.0027843816471181094,0.00029168224356867904,0.0
0.0022781111483000014,0.008353144941354328,0.0027824712649740877,0.0003093757385686788,0.0033128734546478394,0.001546878692843394,0.006859185648525034,0.004331260339961503
0.011285502258484003,0.011446902327041115,0.015492144349721295,0.008043769202785649,0.006235454174673966,0.0027843816471181094,0.004296747755369989,0.001546878692843394
0.019892215780874283,0.009281272157060365,0.013653097153695521,0.004640636078530182,0.007186283354171873,0.0027843816471181094,0.0037918691663928277,0.0021656301699807517
0.019705289047799085,0.0,0.006450069903751686,0.004640636078530182,0.005564942529948175,0.004950011817098861,0.0017742338219328799,0.0
0.021296799052859552,0.013612532497021866,0.01969017183111457,0.00773439346421697,0.00904214955062905,0.0,0.00449039106287439,0.0018562544314120728
0.047902537149432774,0.00773439346421697,0.017935493484075908,0.0027843816471181094,0.003825376761664191,0.0006187514771373576,0.003031250793159795,0.0024750059085494303
0.038710310903674196,0.007115641987079612,0.024544675176524162,0.0027843816471181094,0.008056979540480168,0.006187514771373576,0.004355744765313571,0.0012375029542747152
0.05174955967928354,0.0018562544314120728,0.03186152906620454,0.0003093757385686788,0.0007717186783360938,0.005568763294236219,0.004694181460514057,0.0009281272157060364
0.047436716497450224,0.012375029542747152,0.034631662601054845,0.009281272157060365,0.007072918517372855,0.0009281272157060364,0.00530669330483574,0.0012375029542747152
0.0686085992892723,0.01330315675845319,0.0347689638903604,0.011137526588472437,0.0012714134233410886,0.00525938755566754,0.004355744765313572,0.0037125088628241457
0.06220222153577269,0.011756278065609794,0.03511955960712783,0.0021656301699807517,0.01200158128514931,0.005878139032804897,0.007939974283901953,0.005568763294236219
0.0796906637184209,0.0006187514771373576,0.03371044261672472,0.006806266248510933,0.0073963163514093305,0.004331260339961503,0.003363843731709804,0.0024750059085494303
0.08687872037298103,0.006496890509942255,0.04097279070187935,0.008043769202785649,0.008316780980426196,0.004331260339961503,0.00029168224356867904,0.005878139032804897
0.09803821616198556,0.00525938755566754,0.047731729356475676,0.00525938755566754,0.01575084115270867,0.006187514771373576,0.0026733119200560364,0.008353144941354328
0.11302677529177767,0.017325041359846013,0.05483858899347282,0.01856254431412073,0.007126842437876338,0.001546878692843394,0.004114684399979952,0.0006187514771373576
0.13311484113869096,0.008353144941354328,0.06425687666165104,0.011446902327041115,0.015704861094171945,0.006496890509942255,0.007842944476864903,0.006187514771373576
0.1413250888980115,0.003093757385686788,0.056867565887306605,0.017325041359846013,0.015563372975166601,0.012065653804178473,0.006276253655783723,0.006187514771373576
0.15139601004838354,0.001546878692843394,0.07623515951127066,0.012065653804178473,0.013690434772599729,0.0003093757385686788,0.005449073994122957,0.004950011817098861
0.15702721100101633,0.005568763294236219,0.07740138844002738,0.012065653804178473,0.016058425455423256,0.007115641987079612,0.004906854831086006,0.001546878692843394
0.16389116280751745,0.006806266248510933,0.0771172769899065,0.01330315675845319,0.013148367785597597,0.0003093757385686788,0.004906854831086006,0.01051877511133508
0.18164826406814116,0.015778162667002618,0.08235362890726851,0.007425017725648291,0.01765581316069521,0.0037125088628241457,0.003086874713344375,0.005878139032804897
0.18061679581334764,0.0034031331242554666,0.08692718118193378,0.011446902327041115,0.011251526760636897,0.001546878692843394,0.005898908311393102,0.0006187514771373576
0.18677983552725966,0.0,0.0972523015558783,0.012065653804178473,0.021236791046706695,0.004331260339961503,0.00202083386210653,0.0006187514771373576
0.21073996680137738,0.014850035451296583,0.10716176980421681,0.01794379283698337,0.018966075766210986,0.012065653804178473,0.003086874713344375,0.00773439346421697
0.21871675899836182,0.012375029542747152,0.10334487533880886,0.013612532497021866,0.02380563161127033,0.012684405281315831,0.00659356727803508,0.0027843816471181094
0.22844437119808342,0.016706289882708655,0.11468269260527135,0.02010942300696412,0.02569619584191592,0.0021656301699807517,0.007842944476864903,0.0003093757385686788
0.23412601658038026,0.008971896418491686,0.1198345534683325,0.01825316857555205,0.0380351856147731,0.0021656301699807517,0.008593495510739978,0.006496890509942255
0.2337545212408261,0.023821931869788267,0.11987643417969106,0.021656301699807517,0.02989849707690512,0.008971896418491686,0.008985517576710985,0.0034031331242554666
0.2478557743448696,0.02320318039265091,0.13458314807428226,0.02289380465408223,0.025043940027562342,0.0037125088628241457,0.006027315557365589,0.0012375029542747152
0.2749751490116365,0.004331260339961503,0.14008979218163428,0.021656301699807517,0.029979486382139032,0.00773439346421697,0.009638763203071127,0.0034031331242554666
0.27496401022629186,0.008043769202785649,0.13750613751889668,0.022584428915513554,0.025925284889172187,0.006187514771373576,0.004236929322752208,0.007425017725648291
0.27888529288222635,0.01546878692843394,0.146924778870716,0.030628198118299203,0.030831516817142395,0.00773439346421697,0.008696827826776068,0.0034031331242554666
0.2748688480403485,0.013612532497021866,0.15035109185467832,0.023821931869788267,0.02949742596766694,0.01330315675845319,0.004556222296600004,0.009281272157060365
0.27135166354695817,0.017634417098414693,0.16012983259458638,0.02660631351690638,0.03131885033582258,0.00525938755566754,0.00974847266833166,0.006187514771373576
0.2858874374187503,0.017325041359846013,0.17827512781808894,0.02784381647118109,0.03686406623080766,0.01299378101988451,0.0027824712649740877,0.0009281272157060364
0.31013970962141374,0.005568763294236219,0.1740766374267949,0.024750059085494304,0.04634260850897667,0.010828150849903758,0.007499127224681795,0.00525938755566754
0.3031087999393916,0.007115641987079612,0.17596370482050994,0.030628198118299203,0.04020879665751695,0.01794379283698337,0.00029168224356867904,0.003093757385686788
0.3043016157901733,0.01051877511133508,0.1785912521120358,0.042384476183908996,0.032168465539202516,0.017325041359846013,0.004236929322752208,0.008662520679923007
0.34745305898794926,0.047334488001007854,0.17910976112146887,0.032175076811142594,0.041249067210470974,0.006187514771373576,0.005160385670640309,0.005878139032804897
0.3222914569276519,0.007425017725648291,0.19451072677499287,0.0262969377783377,0.04793183343961322,0.006187514771373576,0.007600547525922217,0.008971896418491686
0.32472933217872735,0.05599700868093086,0.17728810523354707,0.030628198118299203,0.0438145178941405,0.0034031331242554666,0.010217208904523184,0.004021884601392824
0.36041917988073396,0.013921908235590546,0.20764395721938017,0.043003227661046355,0.053666362263816776,0.009281272157060365,0.00598481926550683,0.0034031331242554666
0.3535969653734118,0.013921908235590546,0.20410505374839277,0.03619696141253542,0.040672680768675584,0.004331260339961503,0.003584251416014506,0.00525938755566754
0.3634819551907885,0.04857199095528257,0.20688230117724277,0.03279382828827995,0.05093343277018219,0.009281272157060365,0.0037918691663928277,0.010828150849903758
0.3442755064569492,0.07641580742646366,0.21714621526659314,0.03681571288967278,0.046272793248777075,0.007425017725648291,0.0038142402700232655,0.0012375029542747152
0.3873512739464302,0.0628032749294418,0.21802325815295093,0.04207510044534032,0.046884688448969696,0.01546878692843394,0.011148979060997929,0.0037125088628241457
0.38119722417760993,0.05661576015806822,0.2144634234427707,0.03743446436681013,0.055053816166296086,0.0003093757385686788,0.007162566182702587,0.004331260339961503
0.3836197060826596,0.09466897600201571,0.23526609530726666,0.03465008271969203,0.05587599538203268,0.021346925961238838,0.0022781111483000014,0.00525938755566754
0.3681241388945045,0.06806266248510934,0.2244719916437705,0.035578209935398064,0.043933775590486064,0.01051877511133508,0.005160385670640309,0.001546878692843394
0.3989260959988292,0.0773439346421697,0.24252532256054993,0.039600094536790885,0.05193909960434424,0.00773439346421697,0.007361726997304741,0.016396914144139976
0.42620864541664943,0.10982838719188097,0.23839434410391952,0.03867196732108485,0.05135513011452499,0.009590647895629042,0.014292429934865273,0.006496890509942255
0.42871525220371476,0.11787215639466662,0.25275591816328813,0.03774384010537881,0.05667124027908057,0.009900023634197721,0.0059563199642001,0.011446902327041115
0.43009899371665766,0.10828150849903757,0.24790777251036838,0.04393135487675239,0.05662468194907643,0.0012375029542747152,0.009168292580338999,0.0102093993727664
0.4166798000470371,0.09900023634197722,0.2573898720518319,0.047643863739576534,0.055697562636340146,0.009900023634197721,0.010431464011429904,0.0027843816471181094
0.43336296083197046,0.13086593741455113,0.2659139214602529,0.04207510044534032,0.060877794787432486,0.0009281272157060364,0.003924183246179992,0.004640636078530182
0.44696504183004154,0.11880028361037266,0.2339377059848616,0.03712508862824146,0.058890926689747866,0.006806266248510933,0.011083925255609802,0.008353144941354328
0.45314702346324937,0.1837691887097952,0.2617142397366261,0.04980949390955729,0.05843189656445583,0.00773439346421697,0.006235454174673968,0.009281272157060365
0.41543999987693386,0.12900968298313906,0.2421426457381142,0.04950011817098861,0.058588936659247616,0.007115641987079612,0.005060497791244526,0.012684405281315831
0.41164859892180916,0.12653467707458962,0.27484749004806425,0.05940014180518633,0.05141308088672297,0.009590647895629042,0.007168502832029012,0.0037125088628241457
0.43764323033587177,0.11013776293044965,0.270037114849242,0.04176572470677164,0.07027302658732126,0.004950011817098861,0.008398220190956596,0.017325041359846013
0.4420479766771856,0.1707754076899107,0.2604350048138017,0.04950011817098861,0.06517254477378265,0.016706289882708655,0.010898147988245914,0.004021884601392824
0.46747400951025514,0.14819097877439716,0.2686380795170626,0.050428245386694645,0.05875279777947196,0.01825316857555205,0.012552507311567446,0.012065653804178473
0.5166514317130977,0.15097536042151524,0.25416270854552275,0.03372195550398599,0.0733097929216166,0.012065653804178473,0.017935493484075905,0.006496890509942255
0.44582674388464894,0.1447878456501417,0.28685298904969775,0.04919074243241993,0.062413866317201125,0.011756278065609794,0.008593495510739978,0.006806266248510933
0.44988674386001626,0.12900968298313906,0.28721401189493095,0.04578760930816446,0.06577030364082942,0.006806266248510933,0.008316780980426196,0.0018562544314120728
0.4813873236937361,0.14385971843443565,0.2778770563343798,0.03898134305965353,0.0665054704681025,0.01051877511133508,0.009878515845085596,0.013921908235590546
0.4690779211545726,0.15345036633006467,0.2738492417403594,0.061565771975167084,0.06964245708527386,0.018871920052689405,0.005110685774186306,0.01825316857555205
0.4927953161620765,0.11044713866901833,0.29216909245510847,0.051046996863832,0.05940873495413619,0.014540659712727904,0.012022829306420586,0.0102093993727664
0.4707475804976513,0.19181295791258085,0.3043557109109171,0.05568763294236218,0.06473243251504916,0.004640636078530182,0.008928526403994275,0.004640636078530182
0.5248292517513582,0.16891915325849863,0.2943810900636179,0.05197512407953804,0.06551432531269527,0.003093757385686788,0.01060135556109284,0.009590647895629042
0.4970497367158288,0.16149413553285033,0.2931347049888351,0.03867196732108485,0.07584355327817652,0.014540659712727904,0.006896296031074315,0.010828150849903758
0.4734847412172742,0.16427851717996844,0.27761239658041853,0.053831378510950115,0.06292702184482177,0.01794379283698337,0.006670537596366131,0.011137526588472437
0.5000218956890737,0.16830040178136127,0.30881477866463947,0.04578760930816446,0.07096156020634772,0.012375029542747152,0.0070969352877315196,0.009900023634197721
0.47966087384452866,0.18036605558553975,0.2945371131126844,0.042384476183908996,0.06979255796682532,0.012684405281315831,0.00598481926550683,0.008662520679923007
0.5217887178853045,0.17634417098414693,0.3038344880963798,0.053522002772381436,0.07146214967432638,0.012684405281315831,0.003584251416014506,0.009900023634197721
0.5230919116220952,0.16365976570283108,0.3031471112178365,0.05909076606661765,0.06664412684893495,0.007425017725648291,0.004694181460514057,0.01051877511133508
0.5311077932385135,0.20790049631815216,0.306929423423831,0.04826261521671389,0.0811757500706293,0.004640636078530182,0.004206701141316995,0.015778162667002618
0.5477431414107591,0.16118475979428165,0.3130027736036805,0.06032826902089237,0.06250172668965205,0.015778162667002618,0.004630312070016563,0.013921908235590546
0.5391500699833005,0.1825316857555205,0.29919362117374804,0.04950011817098861,0.06291417635291449,0.005568763294236219,0.005464665081764265,0.016087538405571297
0.55318466054237,0.18160355853981447,0.2931995657778908,0.06311265066801047,0.07044050694656047,0.009590647895629042,0.014662654888385782,0.007425017725648291
0.5094867276926173,0.16613477161138052,0.30614729847145056,0.04640636078530182,0.07803195115080537,0.011137526588472437,0.020672432423016793,0.00525938755566754
0.521414379984021,0.16860977751992995,0.30338192513887563,0.04857199095528257,0.08049531575607696,0.005878139032804897,0.004296747755369989,0.012684405281315831
0.5115575210595998,0.17850980115412768,0.2930679428810549,0.054759505726656145,0.07352012816257002,0.01299378101988451,0.0008750467307060372,0.015159411189865262
0.5651582643521752,0.18315043723265784,0.3090715758241171,0.04455010635388975,0.07904750246798779,0.014850035451296583,0.010500560768472444,0.0018562544314120728
0.5455129406485397,0.1998567271153665,0.32146122608405947,0.03712508862824146,0.07653588669744436,0.004950011817098861,0.007168502832029012,0.011446902327041115
0.5618483741762699,0.1911942064354435,0.35523963559753635,0.04640636078530182,0.08368942540768848,0.014540659712727904,0.0022781111483000014,0.012375029542747152
0.55151019141421,0.2363630642664706,0.3364689644692585,0.029390695164024486,0.0872086008500055,0.005568763294236219,0.008498921872805763,0.011756278065609794
0.6019410637934105,0.1751066680298722,0.3221222012397361,0.062493899190873115,0.08276840225486272,0.00773439346421697,0.006896296031074315,0.007425017725648291
0.5371741709336553,0.20233173302391594,0.33905561037250653,0.04826261521671389,0.07444642878490061,0.019490671529826763,0.01040696738894082,0.013921908235590546
0.5448977970912819,0.211922380919545,0.34829400405295086,0.05661576015806822,0.08450885838558309,0.017015665621277334,0.009388362921028114,0.004950011817098861
0.5831695379039442,0.18407856444836387,0.35183009171901647,0.054759505726656145,0.08246976939290587,0.014231283974159225,0.008518919363681597,0.008043769202785649
0.5370074483748396,0.17850980115412768,0.35415113433416945,0.06187514771373576,0.07515446447274964,0.012375029542747152,0.012181008104254851,0.022584428915513554
0.6178256134744862,0.18438794018693255,0.34112846311080397,0.05599700868093086,0.07830948506611723,0.011756278065609794,0.015492144349721295,0.0021656301699807517
0.542383190738672,0.2171817684752125,0.32868861731793364,0.05599700868093086,0.07934025110836089,0.001546878692843394,0.014835705586479498,0.007115641987079612
0.5607323150255132,0.18191293427838315,0.37404162257434515,0.03867196732108485,0.07561661753377656,0.017325041359846013,0.014910070491457903,0.019800047268395442
0.5878193308999679,0.21594426552093782,0.36293675921091356,0.04114697322963428,0.08613915452743827,0.017634417098414693,0.008588543913952753,0.01299378101988451
0.563121485612973,0.23605368852790193,0.3823818492875602,0.057853263112342936,0.0789586580988833,0.00773439346421697,0.011442720810069798,0.008043769202785649
0.6181264286911918,0.195525466775405,0.3438080022624132,0.05135637260240068,0.08650923603663972,0.008662520679923007,0.00841340228263399,0.01825316857555205
0.625923929737792,0.2524506026720419,0.34479111399880275,0.04609698504673314,0.0759987587201638,0.0102093993727664,0.01212851105732783,0.014540659712727904
0.6073404285560974,0.19366921234399292,0.3568232469335076,0.055068881465224824,0.08676112727573015,0.007115641987079612,0.012481137394143041,0.014540659712727904
0.6139098481471968,0.2425505790378442,0.3402934367976921,0.0525938755566754,0.07695327209786225,0.0034031331242554666,0.013621904293310689,0.008353144941354328
0.6160967696502587,0.1738691650755975,0.35142953550059575,0.04176572470677164,0.08043028782325289,0.013612532497021866,0.0035484676438657598,0.017015665621277334
0.6421799777120977,0.19614421825254236,0.35100695068155185,0.04950011817098861,0.08505276170395472,0.012375029542747152,0.00898078212574878,0.017015665621277334
0.6574957737405487,0.18284106149408919,0.36030975205712407,0.05723451163520558,0.07639680830872927,0.01825316857555205,0.016977810923394062,0.009900023634197721
0.6067989735884688,0.21439738682809442,0.35397668273893024,0.04888136669385125,0.08594831952780445,0.011446902327041115,0.009438073012023237,0.019181295791258084
0.6188688912774452,0.18748169757261934,0.3774608287196854,0.0628032749294418,0.07945276544899206,0.01051877511133508,0.010439616778607526,0.001546878692843394
0.6116873608280546,0.21656301699807515,0.3584066264470436,0.05228449981810672,0.08107979420495126,0.014540659712727904,0.00808859632464098,0.012065653804178473
0.5983575971413124,0.23852869443645136,0.35006353555477543,0.034959458458260706,0.0893976336826016,0.022275053176944875,0.012750885190783285,0.025368810562631662
0.6069857029248475,0.1986192241610918,0.3717305671218479,0.043312603399615034,0.08850573680466084,0.010828150849903758,0.01768470188439537,0.0102093993727664
0.6675501664803164,0.1707754076899107,0.36696686690111285,0.058472014589480294,0.08535681050143908,0.0018562544314120728,0.019146889851825274,0.0027843816471181094
0.6158626578651046,0.2103755022267016,0.36856299333415293,0.05197512407953804,0.08602846245115695,0.016396914144139976,0.00631678962282409,0.016087538405571297
0.6407770301500848,0.21996615012233062,0.3643225651359972,0.04485948209245843,0.08787287644309877,0.011756278065609794,0.017459564064921673,0.014231283974159225
0.5650722245911458,0.24873809380921777,0.3334375872475775,0.04362197913818371,0.08642806235241456,0.015159411189865262,0.01347117318862317,0.014231283974159225
0.6351611750667068,0.24780996659351173,0.37831524324253746,0.06187514771373576,0.08837875714839849,0.008971896418491686,0.00889989396338762,0.0018562544314120728
0.62786586403838,0.2772006617575362,0.3333920388279281,0.04826261521671389,0.09284159214925619,0.01546878692843394,0.008167102819923014,0.011446902327041115
0.637059728607345,0.20975675074956424,0.3814133202126993,0.050737621125263324,0.1001566492039427,0.011137526588472437,0.007072918517372855,0.01051877511133508
0.5949925986615217,0.1853160674026386,0.35998079631841096,0.07486892873362026,0.0848494572156895,0.01856254431412073,0.006276253655783723,0.025368810562631662
0.643009784655777,0.21130362944240763,0.3467958362454582,0.06496890509942255,0.09353090299436251,0.02103755022267016,0.01516747666557131,0.016396914144139976
0.6497808423480477,0.23821931869788268,0.31880909251616607,0.04857199095528257,0.09471322638678682,0.016396914144139976,0.016063722643578363,0.02846256794831845
0.6875712747785636,0.20480673893246537,0.36977475020567513,0.05878139032804897,0.09137059762798207,0.011756278065609794,0.011175655856416798,0.008662520679923007
0.646632365002751,0.22491616193942948,0.37278645383267506,0.0365063371511041,0.0918887030691401,0.02072817448410148,0.008548827891131558,0.019490671529826763
0.6176851369925054,0.20325986023962198,0.33117175994793274,0.050428245386694645,0.09484876893782615,0.011137526588472437,0.011412941395078586,0.012375029542747152
0.6724905394098319,0.25461623284202267,0.3477791863895347,0.07332205004077688,0.09752093854455894,0.001546878692843394,0.006896296031074314,0.017015665621277334
0.680835530789953,0.21841927142948722,0.3945624209241802,0.05166574834096936,0.09995980702167197,0.014231283974159225,0.014405087213520674,0.01051877511133508
0.6579300835375897,0.24193182756070683,0.3736740983293196,0.06837203822367802,0.09461616294192378,0.006806266248510933,0.015293164561504162,0.019800047268395442
0.6388864603780413,0.20697236910244612,0.3583923833696875,0.06960954117795273,0.09231685409589784,0.01330315675845319,0.00866743001479141,0.008662520679923007
0.6729581571940774,0.18315043723265784,0.3555953488084964,0.04516885783102711,0.09722999101523981,0.008043769202785649,0.012843958580691065,0.008662520679923007
0.667507214820829,0.1850066916640699,0.4003445847964163,0.06589703231512858,0.09466830197839934,0.004950011817098861,0.012824071149023937,0.012065653804178473
0.6999547971579654,0.18748169757261934,0.3613333215127823,0.07084704413222745,0.08615298103708229,0.012375029542747152,0.010839439635216832,0.011446902327041115
0.6738629394295372,0.21687239273664383,0.35493258856291404,0.058472014589480294,0.08935527359238875,0.014231283974159225,0.0123474988533775,0.01546878692843394
0.6335267826614673,0.22831929506368495,0.3657808144324626,0.054450129988087466,0.10187563469335617,0.009281272157060365,0.011375607499178483,0.014850035451296583
0.673019659998814,0.19150358217401217,0.35041454861394644,0.04950011817098861,0.0992954219752455,0.014231283974159225,0.01692511195221587,0.012375029542747152
0.6771783817624888,0.18902857626546274,0.3824949719026621,0.06001889328232369,0.09757588508204532,0.009900023634197721,0.015256961080093062,0.008043769202785649
0.6474250592307108,0.2437880819921189,0.36784461631013005,0.05135637260240068,0.09033065201286856,0.0102093993727664,0.017030346822833563,0.011756278065609794
0.6592969184679349,0.24997559676349246,0.39317684510740847,0.05228449981810672,0.10340906879796961,0.01330315675845319,0.009265216564882741,0.008043769202785649
0.6575439726683203,0.23574431278933325,0.38862748684472226,0.039600094536790885,0.09624232318329934,0.0021656301699807517,0.012156537694484788,0.0102093993727664
0.7044007213472995,0.23419743409648985,0.36617066731316,0.06435015362228519,0.09598561987930768,0.011446902327041115,0.009182201502490507,0.012065653804178473
0.6843695919695801,0.2088286235338582,0.3964109782069374,0.07332205004077688,0.09628695500103414,0.01856254431412073,0.014662654888385782,0.011756278065609794
0.6728726886713774,0.2539974813648853,0.3771207768972859,0.050118869648125966,0.10524718299495042,0.012684405281315831,0.013690434772599729,0.004331260339961503
0.7244212590940213,0.19614421825254236,0.391198848967389,0.0525938755566754,0.0971293111817672,0.017015665621277334,0.014910070491457903,0.014540659712727904
0.6957810150293081,0.21501613830523178,0.3473381990766425,0.05197512407953804,0.09998831572439446,0.016087538405571297,0.008213846556401803,0.011446902327041115
0.7031893894183494,0.1927410851282869,0.3591425793809352,0.050737621125263324,0.09465077567963238,0.009590647895629042,0.018224889186400015,0.018871920052689405
0.6904480988032569,0.23110367671080306,0.3742218391409324,0.03836259158251617,0.10385976957867453,0.005878139032804897,0.009835359169317335,0.009281272157060365
0.7068869074614141,0.2744162801104181,0.36334043513636294,0.04919074243241993,0.11180336775538353,0.012684405281315831,0.009098429033107872,0.01794379283698337
0.7124638386654526,0.19583484251397368,0.34034143633059244,0.0525938755566754,0.0951027260188637,0.0204187987455328,0.01906673972849717,0.015778162667002618
0.7029904545439588,0.2230599075080174,0.37591176491977396,0.03588758567396674,0.1027467005166878,0.00773439346421697,0.009265216564882741,0.017325041359846013
0.6913966278431674,0.2057348661481714,0.3662322340020167,0.04207510044534032,0.09700177956131271,0.014850035451296583,0.014910070491457903,0.015159411189865262
0.6754557831509961,0.16273163848712505,0.3340963865673007,0.05135637260240068,0.09191092166454884,0.014231283974159225,0.010609377776059284,0.012375029542747152
0.6888117405104289,0.23698181574360797,0.36070716921152596,0.06435015362228519,0.09643307885369398,0.016087538405571297,0.014130793068951122,0.013612532497021866
0.7461419363301324,0.25214122693347324,0.36749786583094685,0.08136581924356252,0.10288943852667537,0.0102093993727664,0.012135523784746582,0.02072817448410148
0.7047175202078291,0.16273163848712505,0.3399682616751605,0.07053766839365877,0.09871494177465212,0.019800047268395442,0.0138572091327339,0.009281272157060365
0.7646542225796376,0.2202755258608993,0.34520947806939195,0.05909076606661765,0.10457001664553008,0.016087538405571297,0.009968536725973658,0.012375029542747152
0.677526620275573,0.272560025679006,0.3720977245535441,0.053522002772381436,0.10165910812615704,0.014231283974159225,0.016985326000526414,0.02815319220974977
0.7294213635271602,0.17912855263126504,0.3680581500191209,0.04795323947814521,0.10005721365027978,0.01051877511133508,0.013464856108234252,0.021656301699807517
0.7198299381830446,0.2527599784106106,0.358091365967932,0.039909470275359564,0.1042852745498058,0.017015665621277334,0.017393655653552137,0.009281272157060365
0.7413548214745239,0.24162245182213815,0.3811898589123993,0.05878139032804897,0.0975680374712061,0.016706289882708655,0.021459964805594783,0.01330315675845319
0.7063971269834063,0.1853160674026386,0.3549931084996349,0.0655876565765599,0.10433788199141711,0.01299378101988451,0.014938573806504298,0.01546878692843394
0.6828714906727695,0.25183185119490453,0.3371199472011234,0.05568763294236218,0.096207840877363,0.012375029542747152,0.013119217531713596,0.018871920052689405
0.6691200203713397,0.24657246363923702,0.39531596655070467,0.07889081333501309,0.09796529301227237,0.014540659712727904,0.017065280904309275,0.011446902327041115
0.684034600942403,0.20511611467103405,0.3406567649355477,0.04547823356959579,0.10302661128415953,0.01825316857555205,0.018468346748801098,0.01825316857555205
0.7476895834219361,0.19645359399111104,0.35792620359844146,0.07920018907358177,0.09721423931554439,0.01330315675845319,0.016656562979391488,0.00525938755566754
0.701672602071496,0.21996615012233062,0.3490124004258597,0.053522002772381436,0.0990419073589308,0.005568763294236219,0.010512707170183256,0.024131307608356946
0.7082288138427028,0.23388805835792117,0.3732592607713187,0.06404077788371651,0.11038198011261585,0.0204187987455328,0.00946507756796324,0.019181295791258084
0.6998324477909811,0.2304849252336657,0.38970832689061374,0.03588758567396674,0.10807958760584321,0.013612532497021866,0.014292429934865273,0.008353144941354328
0.7587205754163499,0.22367865898515477,0.3494692908133725,0.0553782572037935,0.10475129310021691,0.017634417098414693,0.018362086460915663,0.017634417098414693
0.714045519594996,0.22367865898515477,0.3742237715926829,0.032175076811142594,0.10484505971612498,0.008662520679923007,0.018208542943851033,0.01825316857555205
0.7334798776180155,0.23760056722074532,0.4051403364354403,0.04424073061532107,0.09607111626362579,0.007425017725648291,0.00889989396338762,0.010828150849903758
0.740235459509056,0.1908848306968748,0.37671933323375756,0.08476895236781799,0.1080252582489008,0.012684405281315831,0.016625887883414705,0.016706289882708655
0.6967354718182703,0.26915689255475056,0.3507472611623683,0.05197512407953804,0.10874820032642622,0.012375029542747152,0.010673338432493967,0.021656301699807517
0.7082205249212524,0.26884751681618185,0.3634605375802253,0.058162638850911615,0.09919640963528774,0.015778162667002618,0.008229368799959906,0.008353144941354328
0.7190716290758494,0.24626308790066834,0.38505547340850055,0.058472014589480294,0.1028431221075995,0.023512556131219588,0.015664178370378597,0.009900023634197721
0.7381865614390892,0.2524506026720419,0.35573564512338285,0.06063764475946105,0.10174694470381149,0.008043769202785649,0.016481982592028592,0.013921908235590546
0.7155770993631589,0.2162536412595065,0.3709128253066082,0.05228449981810672,0.10455048833816226,0.011756278065609794,0.014022000058259867,0.01825316857555205
0.7701480657512251,0.25523498431916003,0.3803231116991215,0.05166574834096936,0.10769633663551353,0.009281272157060365,0.01260323838444521,0.007425017725648291
0.7225110479320315,0.24719121511637437,0.33673537027584827,0.04888136669385125,0.10459279506253946,0.015159411189865262,0.015012429156666186,0.01330315675845319
0.7005704132346466,0.27658191028039886,0.37500366741863356,0.06930016543938405,0.10581554827804501,0.017634417098414693,0.012022829306420586,0.019800047268395442
0.708714447374607,0.2654443836919264,0.3640307752049299,0.05568763294236218,0.11257536556012479,0.006187514771373576,0.014784003067060706,0.019181295791258084
0.7312676287462884,0.2320318039265091,0.3454696363023303,0.05661576015806822,0.10693526146589999,0.01546878692843394,0.011634429215062244,0.024750059085494304
0.693297217071382,0.21006612648813291,0.3467262789434754,0.04826261521671389,0.10483207540576019,0.010828150849903758,0.010649398203996,0.014540659712727904
0.7701381233549829,0.2484287180706491,0.34008298393120606,0.07486892873362026,0.10672262276158938,0.016087538405571297,0.015704861094171945,0.001546878692843394
0.7204935788768605,0.2348161855736272,0.3453479578888888,0.055068881465224824,0.1157225178048408,0.006496890509942255,0.013653097153695521,0.01546878692843394
0.7684854044321868,0.23265055540364646,0.35833398083359064,0.03588758567396674,0.11218851399361604,0.006806266248510933,0.027786465603964788,0.017634417098414693
0.7326008779398587,0.23234117966507778,0.33695814001723245,0.06001889328232369,0.11035769835455743,0.02289380465408223,0.011232607078913688,0.017015665621277334
0.7410017329261109,0.19150358217401217,0.35433174294878467,0.03867196732108485,0.10151086870358364,0.011756278065609794,0.015952112300847664,0.014540659712727904
0.772267010144102,0.24873809380921777,0.3485683357949674,0.06651578379226594,0.10768448620285771,0.016396914144139976,0.013930690208939469,0.018871920052689405
0.7631592080171656,0.22708179210941024,0.31304666848439505,0.06589703231512858,0.10313473327582315,0.022275053176944875,0.01733486002958282,0.019490671529826763
0.741331122974162,0.28091317062036036,0.3723552048095322,0.050118869648125966,0.10387656115175893,0.01051877511133508,0.011420393528680387,0.014231283974159225
0.7278483734290699,0.2539974813648853,0.37653940820565407,0.050737621125263324,0.10446012242869934,0.016706289882708655,0.009438073012023237,0.018871920052689405
0.7796584528903229,0.23605368852790193,0.3460054719369307,0.05135637260240068,0.10302330806398911,0.009900023634197721,0.015574302311468054,0.017015665621277334
0.7216697360147407,0.2861725581760279,0.3457133568415699,0.042384476183908996,0.11997220792777544,0.011756278065609794,0.009191462424161098,0.012065653804178473
0.7725164986609068,0.29978509067304976,0.39818290804105244,0.058162638850911615,0.11350037868094502,0.014231283974159225,0.01652837450343415,0.017015665621277334
0.7214416393876372,0.28988506703885203,0.32971823257302935,0.05970951754375501,0.1076003106018985,0.010828150849903758,0.015074639527053795,0.019800047268395442
0.7328240499821463,0.28246004931320373,0.3955369321732547,0.05290325129524408,0.10963023701927926,0.007425017725648291,0.012710787968256625,0.016396914144139976
0.7462363427213717,0.2351255613121959,0.38621537819920104,0.043003227661046355,0.11701112318757748,0.009590647895629042,0.008608333211879517,0.011446902327041115
0.7521780987598897,0.24409745773068758,0.35240925061304496,0.05878139032804897,0.11296013913249776,0.006806266248510933,0.013041164974621829,0.01299378101988451
0.7177235016506451,0.3084476113529728,0.3605111113429321,0.053831378510950115,0.10578096947796864,0.009590647895629042,0.019455446162136344,0.023512556131219588
0.7253675288729025,0.2626600020448083,0.3782983762719294,0.035268834196829385,0.10693247680224144,0.017325041359846013,0.019542710319101497,0.017634417098414693
0.7687285944281329,0.2830788007903411,0.35098149942013557,0.030628198118299203,0.11984733218590357,0.016087538405571297,0.019840825686542024,0.014850035451296583
0.7470224847833223,0.281222546358929,0.3577746386974573,0.06899078970081537,0.1100222174948822,0.021965677438376196,0.01188045804179264,0.019490671529826763
0.7931779880856417,0.24193182756070683,0.3786807344626418,0.06775328674654066,0.11700894187382069,0.012684405281315831,0.025320975716253784,0.021656301699807517
0.7571703060546845,0.2394568216521574,0.36604761908255884,0.04021884601392824,0.10890650981175505,0.011446902327041115,0.014697428031817762,0.021656301699807517
0.7576736409349857,0.2737975286332807,0.3604995474416814,0.04114697322963428,0.11221353686234052,0.022275053176944875,0.022840787057360774,0.015778162667002618
0.7327385396959534,0.2694662682933192,0.3417634761321535,0.06218452345230444,0.10233849320931046,0.008043769202785649,0.012683986066070525,0.015159411189865262
0.752743886188672,0.2481193423320804,0.332775694067652,0.04857199095528257,0.10666999504543144,0.009900023634197721,0.021755272214784065,0.02072817448410148
0.7456965944003198,0.2991663391959124,0.36553650883506533,0.06682515953083462,0.11276942536006532,0.012684405281315831,0.0074421854196083485,0.016087538405571297
0.7854255436002489,0.22862867080225363,0.3577351618484452,0.054450129988087466,0.09930955853678994,0.019181295791258084,0.009709120072606483,0.01794379283698337
0.7797162858414706,0.2171817684752125,0.32299946582179306,0.06744391100797198,0.11032878453184596,0.007115641987079612,0.014292429934865273,0.016087538405571297
0.7679831733489983,0.29236007294740146,0.35134564036007854,0.035268834196829385,0.11322644846912863,0.009281272157060365,0.018140665884495054,0.0204187987455328
0.7587045400550797,0.2410037003450008,0.32208786396481576,0.058472014589480294,0.1020858683849319,0.015778162667002618,0.016682082471878853,0.018871920052689405
0.7817336624609361,0.22986617375652835,0.3207667972450498,0.047643863739576534,0.11296390493491884,0.02072817448410148,0.019013118605981875,0.021346925961238838
0.7748158747729128,0.22739116784797891,0.3515209136214095,0.06837203822367802,0.10005721365027978,0.011756278065609794,0.010804061496705314,0.01794379283698337
0.818118986134264,0.20913799927242688,0.36863777742339027,0.050118869648125966,0.1151568737925763,0.016706289882708655,0.013521603587492567,0.0204187987455328
0.8142808620357901,0.24564433642353098,0.3461295001127357,0.04052822175249692,0.10472936152522862,0.01299378101988451,0.01452272973230815,0.01794379283698337
0.7659427429912268,0.2645162564762204,0.3388989951565493,0.04795323947814521,0.10241827117436142,0.011137526588472437,0.011841005845765364,0.021965677438376196
0.8002843889087233,0.24935684528635513,0.36335179155002006,0.03898134305965353,0.11310616032269859,0.009900023634197721,0.01785467043818167,0.02103755022267016
0.7602071400470513,0.2366724400050393,0.3314071265599536,0.05228449981810672,0.10218749280377552,0.01856254431412073,0.016702469992437456,0.016396914144139976
0.7703409228460798,0.2970007090259317,0.36815672448377545,0.035268834196829385,0.11158590054358467,0.005568763294236219,0.007326974354777416,0.01856254431412073
0.7687653374315068,0.27843816471181093,0.37597162332829215,0.053831378510950115,0.10757856441879256,0.007425017725648291,0.00921918937228458,0.012684405281315831
0.76056210729898,0.24409745773068758,0.34600559488081883,0.06032826902089237,0.11598505195459101,0.00525938755566754,0.012405928541015547,0.024131307608356946
0.7951051981842258,0.19954735137679783,0.33258312388664635,0.03898134305965353,0.10927734240253881,0.014850035451296583,0.017105118206033977,0.014850035451296583
0.7938831959814344,0.22986617375652835,0.3335758530189513,0.04176572470677164,0.11368126007083983,0.014850035451296583,0.008498921872805763,0.0204187987455328
0.756602768540238,0.28679130965316524,0.3807496933256969,0.07270329856363952,0.10082717279187907,0.017015665621277334,0.011255306880602655,0.01825316857555205
0.7512280005387865,0.2601849961362589,0.3448484794943274,0.0553782572037935,0.10629847039804492,0.014540659712727904,0.019292966958402345,0.019181295791258084
0.7668991842418346,0.21965677438376194,0.3569298106898268,0.04547823356959579,0.10740998123131505,0.017325041359846013,0.01321291587991106,0.015159411189865262
0.8179885686958427,0.28246004931320373,0.3406672542129268,0.04795323947814521,0.11024238343433401,0.008043769202785649,0.015315401090240923,0.01794379283698337
0.8254605946974514,0.24131307608356947,0.3359272880533689,0.03898134305965353,0.11027479177901284,0.025059434824062983,0.019960530094957105,0.021346925961238838
0.7732644812368501,0.22739116784797891,0.3791744638467123,0.046715736523870496,0.11447887084330927,0.016396914144139976,0.019133554813746716,0.02567818630120034
0.7949542028095035,0.2348161855736272,0.32238093376115007,0.050428245386694645,0.11447887084330927,0.0102093993727664,0.014440480601548407,0.019181295791258084
0.7975016608696208,0.2756537830646928,0.34160997027157614,0.0569251358966369,0.11225447134313575,0.011137526588472437,0.011141345387346348,0.024131307608356946
0.7708492885157856,0.23729119148217664,0.3620002272201481,0.04795323947814521,0.11035769835455743,0.001546878692843394,0.012405928541015547,0.01856254431412073
0.7638072565627594,0.22398803472372344,0.33946149432683864,0.06218452345230444,0.10595415211614809,0.015159411189865262,0.022736252014167967,0.02289380465408223
0.771959031275254,0.22986617375652835,0.3687379274074612,0.06311265066801047,0.10646881357120912,0.019800047268395442,0.005541962627804901,0.021346925961238838
0.7909800230190093,0.23883807017502004,0.33370437347566184,0.02598756203976902,0.11526099829292424,0.017325041359846013,0.01616930197684311,0.01330315675845319
0.7904089373269534,0.28091317062036036,0.3597766572397825,0.07053766839365877,0.10526577383370338,0.02567818630120034,0.017216666423759033,0.024131307608356946
0.7797999177960766,0.2202755258608993,0.3376833942569286,0.03743446436681013,0.11524992568997641,0.01856254431412073,0.015409548358605571,0.019490671529826763
0.8052186165308579,0.2335786826193525,0.37360988674100387,0.04888136669385125,0.10914958453573591,0.01856254431412073,0.015063347660654973,0.014231283974159225
0.7869925850735473,0.23543493705076457,0.3257055115525171,0.04455010635388975,0.10616712791973837,0.006496890509942255,0.02034052352546696,0.019181295791258084
0.7524062626849193,0.24038494886786343,0.3814325029976388,0.05599700868093086,0.10626484937335641,0.017634417098414693,0.023201117796052086,0.017634417098414693
0.7647129121175473,0.2787475404503796,0.3453281256638393,0.060947020498029726,0.09949015809085893,0.0034031331242554666,0.016342016689454748,0.017325041359846013
0.7459835963808453,0.22089427733803665,0.3737509328025804,0.039600094536790885,0.12182684274448907,0.01794379283698337,0.016190335224078856,0.012375029542747152
0.7878416771381314,0.25616311153486604,0.31471581440976437,0.03681571288967278,0.1153015887397695,0.014850035451296583,0.01881067811951342,0.012065653804178473
0.8135345634517044,0.23605368852790193,0.29307940962902723,0.05197512407953804,0.11039623833825503,0.016706289882708655,0.014157860697804465,0.017325041359846013
0.8004432008470519,0.3356726763470165,0.3386796373035871,0.05135637260240068,0.10440390960357485,0.012684405281315831,0.014434587730214858,0.017015665621277334
0.8142172293845983,0.2654443836919264,0.34966083399450276,0.07950956481215045,0.10234223419064586,0.01794379283698337,0.01683438705362815,0.022275053176944875
0.76524830875855,0.23234117966507778,0.366748290209896,0.05630638441949954,0.10164906482726031,0.014850035451296583,0.02006468563673844,0.013921908235590546
0.7818303547282842,0.23883807017502004,0.3391037851175638,0.04609698504673314,0.10975976083396217,0.015159411189865262,0.019703130155538668,0.019490671529826763
0.7816899647328374,0.21532551404380046,0.31993274286996076,0.03681571288967278,0.10206253047106804,0.018871920052689405,0.012542336473453198,0.024750059085494304
0.7615833433727806,0.3075194841372667,0.32804113256628536,0.06187514771373576,0.09811238584940066,0.008971896418491686,0.01575084115270867,0.009590647895629042
0.7481083219056318,0.2536881056263166,0.3569321943026433,0.05321262703381276,0.10738621585770987,0.006806266248510933,0.016955245706553462,0.02103755022267016
0.7656094398279352,0.26761001386190714,0.3452231560395488,0.07332205004077688,0.11309562902283193,0.012065653804178473,0.01797103515342197,0.01299378101988451
0.8016326507349787,0.2703943955090253,0.34076838424838896,0.04888136669385125,0.11324936389815286,0.016087538405571297,0.016058425455423256,0.009590647895629042
0.7716881948462387,0.24935684528635513,0.34293546670523384,0.04424073061532107,0.10744324392316797,0.011446902327041115,0.01995626730150861,0.01794379283698337
0.7476916316134561,0.2320318039265091,0.33214488616163607,0.039909470275359564,0.1185809399726721,0.008662520679923007,0.017298011280983405,0.014850035451296583
0.731701172134099,0.23605368852790193,0.3385403146347179,0.05228449981810672,0.11496277376956586,0.008971896418491686,0.01883779588196294,0.025059434824062983
0.8073449946902234,0.24038494886786343,0.35871686640061035,0.03805321584394749,0.11314677186873263,0.01546878692843394,0.015415068526562903,0.017634417098414693
0.793228829046938,0.2756537830646928,0.3187838729116987,0.061565771975167084,0.11277508356905591,0.01794379283698337,0.012690691848228677,0.021656301699807517
0.7882920261056404,0.25925686892055283,0.32293900952863647,0.04362197913818371,0.11276942536006532,0.012065653804178473,0.01975703169017119,0.01825316857555205
0.8039977001749202,0.24409745773068758,0.30030935776871637,0.04516885783102711,0.10999321548463874,0.016087538405571297,0.016471655534252786,0.02289380465408223
0.7598144410338123,0.21749114421378118,0.3408421527851341,0.032175076811142594,0.10960578872229747,0.013612532497021866,0.019960530094957105,0.025368810562631662
0.8060461874034106,0.21130362944240763,0.3580984935637851,0.05909076606661765,0.11133668272065819,0.024750059085494304,0.02433581015243771,0.011756278065609794
0.8263939656973038,0.27658191028039886,0.3724805091511362,0.03681571288967278,0.11772224525491706,0.0204187987455328,0.0182458842657044,0.02660631351690638
0.7654942498532825,0.2663725109076324,0.30098823424881593,0.03434070698112335,0.116018056115065,0.010828150849903758,0.01815238693365005,0.0204187987455328
0.7824371154724,0.2778194132346736,0.3605546496437589,0.0569251358966369,0.11871753975379845,0.011756278065609794,0.018048980470252763,0.02320318039265091
0.7927552061507351,0.2895756913002834,0.3429923984145471,0.04021884601392824,0.12357520239109031,0.01051877511133508,0.015409548358605571,0.017325041359846013
0.7747149026456202,0.27194127420186864,0.33980255292022754,0.046715736523870496,0.10716653325524025,0.015159411189865262,0.02255026343663516,0.01299378101988451
0.7809557169853375,0.23729119148217664,0.3467483621383195,0.04362197913818371,0.10321142288855846,0.012065653804178473,0.017186991021479955,0.02010942300696412
0.785763434231014,0.23110367671080306,0.3272772258769503,0.04052822175249692,0.10111029396742324,0.006806266248510933,0.015415068526562903,0.027534440732612412
0.7901703202964886,0.2685381410776132,0.3215535798125308,0.035578209935398064,0.09825103249864561,0.016706289882708655,0.01969017183111457,0.013612532497021866
0.7933176320231801,0.26080374761339625,0.2928210812791161,0.04114697322963428,0.1133135775279102,0.010828150849903758,0.017154784739735446,0.01825316857555205
0.8362468880217311,0.2484287180706491,0.37103299890662267,0.055068881465224824,0.10216084699885777,0.013921908235590546,0.020461462609022936,0.01330315675845319
0.8328267698601821,0.288956939823146,0.33001574062852096,0.027225064994043733,0.1162740694997661,0.016396914144139976,0.017422979061254288,0.019181295791258084
0.7880187058310684,0.33876643373270326,0.3426445829823852,0.043312603399615034,0.11111409097893206,0.01051877511133508,0.011420393528680387,0.029081319425455807
0.7521708031581098,0.281222546358929,0.33484702329354493,0.054450129988087466,0.09980520784497915,0.011446902327041115,0.021236791046706695,0.016087538405571297
0.7424323889490638,0.3270101556670935,0.32917513968828094,0.05135637260240068,0.10870829344651116,0.009590647895629042,0.013187134556070164,0.02010942300696412
0.7546446500771694,0.2682287653390445,0.30040339962820745,0.04640636078530182,0.09525959826009611,0.021656301699807517,0.020990991237992175,0.01794379283698337
0.8315547181914748,0.28679130965316524,0.3445051310731297,0.06032826902089237,0.1171680710565065,0.01856254431412073,0.019146889851825274,0.021346925961238838
0.7605314003678145,0.2549256085805913,0.3478800831809974,0.051046996863832,0.11428138592738907,0.015778162667002618,0.021148471306174792,0.024750059085494304
0.7839830003413094,0.26884751681618185,0.3160499257899479,0.03093757385686788,0.09896069710190873,0.010828150849903758,0.01689995944619122,0.022584428915513554
0.770158836535646,0.23821931869788268,0.3530118018701207,0.05290325129524408,0.10193991876581518,0.0102093993727664,0.015040738495700721,0.016396914144139976
0.8045089626407329,0.2991663391959124,0.3363308762140791,0.05414075424951879,0.1037614229347506,0.011756278065609794,0.014443426135613014,0.017015665621277334
0.7548932568855514,0.22275053176944873,0.33243638371709366,0.06032826902089237,0.10875524119691136,0.01856254431412073,0.021977052161235522,0.015159411189865262
0.7937016869557966,0.24719121511637437,0.39258598801254263,0.035578209935398064,0.11629931064580801,0.007425017725648291,0.015209488037697031,0.02320318039265091
0.844369515210171,0.24069432460643211,0.34209191884687373,0.0525938755566754,0.10519543467459642,0.014540659712727904,0.022730638355710937,0.01856254431412073
0.7631635558036179,0.31741950777146444,0.31793150469554393,0.053831378510950115,0.11028173518523579,0.01330315675845319,0.014961337360746944,0.01825316857555205
0.8279084878213389,0.21563488978236914,0.35488236715761534,0.03898134305965353,0.1086010200067216,0.004021884601392824,0.016633561960852392,0.021346925961238838
0.8105853747149526,0.27348815289471207,0.29487387000898324,0.02815319220974977,0.11737845808838283,0.01856254431412073,0.015301507046656764,0.025059434824062983
0.8111328153730376,0.25306935414917925,0.2987872799600331,0.03712508862824146,0.11094512869797099,0.017015665621277334,0.020311223445501486,0.024440683346925625
0.7760341350370916,0.2623506263062396,0.33762153544768825,0.050428245386694645,0.10941972539257151,0.019490671529826763,0.01288364134851117,0.012065653804178473
0.8258590622852505,0.23852869443645136,0.34390264246738445,0.06744391100797198,0.10582399022215497,0.011446902327041115,0.022383642918767214,0.019490671529826763
0.7697747511739688,0.2289380465408223,0.30151804557162454,0.0262969377783377,0.11448332984296727,0.004331260339961503,0.02623357083936622,0.024131307608356946
0.8184012780402069,0.2821506735746351,0.3480898548271403,0.05197512407953804,0.10702910201504415,0.016396914144139976,0.01951439227110452,0.018871920052689405
0.7921973211922616,0.28400692800604715,0.2855354640426855,0.03465008271969203,0.11737048477159646,0.004640636078530182,0.01188045804179264,0.019800047268395442
0.8004632892688286,0.20356923597819065,0.3306863741570703,0.05630638441949954,0.1132377189317616,0.013921908235590546,0.018194520190177803,0.009590647895629042
0.8120500190214215,0.3096851143072475,0.314629430692928,0.07363142577934556,0.10660537097602456,0.016706289882708655,0.019464190183324834,0.019490671529826763
0.8276480962878839,0.25925686892055283,0.3183282420396946,0.04052822175249692,0.11150924811579038,0.012065653804178473,0.018382924848322196,0.011756278065609794
0.8229233882694602,0.28926631556171467,0.34333515332538855,0.04795323947814521,0.11628248382389474,0.0037125088628241457,0.021969308308929843,0.012684405281315831
0.8171957886192126,0.2790569161889483,0.3075703163250178,0.04021884601392824,0.12011041296340029,0.013921908235590546,0.02215057311915112,0.018871920052689405
0.773130899181186,0.24007557312929476,0.32785123102662733,0.05290325129524408,0.11362623969491188,0.008662520679923007,0.011894771851853586,0.014850035451296583
0.7455030110226439,0.23605368852790193,0.3307410413433984,0.05970951754375501,0.11146727670897609,0.014540659712727904,0.010512707170183256,0.012065653804178473
0.7701903195033883,0.27317877715614336,0.30628677282361627,0.047025112262439175,0.10619637368340153,0.014231283974159225,0.01681921865854902,0.024440683346925625
0.7887361313460182,0.2509037239791985,0.31678746252664025,0.06806266248510934,0.11111409097893206,0.005568763294236219,0.013653097153695521,0.015778162667002618
0.7397081824789389,0.30999449004581614,0.291589327974937,0.032175076811142594,0.10964575691814014,0.017325041359846013,0.018509760808713624,0.012684405281315831
0.7705358847614198,0.3297945373142116,0.3080302596112097,0.07146579560936481,0.10883344244321697,0.02320318039265091,0.010752754248043518,0.024440683346925625
0.8228134302045623,0.31587262907862107,0.3346078469085931,0.023821931869788267,0.1108265866823681,0.017634417098414693,0.00841340228263399,0.013921908235590546
0.8005490579698726,0.3183476349871705,0.32827291248164303,0.06435015362228519,0.1018585132642059,0.008662520679923007,0.013293160246154309,0.02072817448410148
0.7705184942412037,0.2703943955090253,0.35402246657980546,0.025059434824062983,0.10750894707378902,0.019181295791258084,0.022058198476045673,0.016396914144139976
0.8211097616981476,0.2982382119802064,0.33945986524139277,0.04362197913818371,0.11342914546000689,0.012065653804178473,0.01577512927993873,0.019800047268395442
0.7800436704125993,0.25028497250206116,0.33552891970254467,0.06960954117795273,0.10158585296212937,0.019800047268395442,0.016435459731996997,0.01856254431412073
0.7751041137598966,0.31308824743150293,0.33485121561684356,0.05290325129524408,0.11224992380466156,0.018871920052689405,0.010898147988245914,0.014850035451296583
0.8318226828907284,0.28833818834600866,0.3386443409490528,0.03372195550398599,0.11353860123720774,0.0102093993727664,0.013164534480239208,0.019181295791258084
0.8492486683636363,0.22708179210941024,0.2919984016179879,0.047643863739576534,0.12168324591644415,0.014231283974159225,0.019339214648311943,0.021656301699807517
0.8257919947002597,0.22429741046229212,0.32287221785098147,0.03465008271969203,0.11581327870456554,0.011137526588472437,0.017186991021479955,0.012375029542747152
0.8420391503383061,0.2626600020448083,0.3124186439228093,0.06620640805369726,0.11030719060209335,0.0262969377783377,0.015525059707684235,0.019181295791258084
0.7871699668433666,0.24193182756070683,0.31927136535977935,0.04857199095528257,0.10854969488170572,0.019490671529826763,0.010108378504345945,0.02598756203976902
0.8032465608570288,0.21934739864519326,0.3108450156633378,0.06744391100797198,0.11259954687738924,0.01330315675845319,0.013080249472768563,0.007425017725648291
0.7591739107217594,0.27534440732612414,0.30549464789569525,0.042693851922477676,0.11035577100206143,0.014231283974159225,0.009107775136273774,0.012684405281315831
0.8147446346156094,0.25956624465912154,0.3439579299849067,0.035578209935398064,0.112102028380307,0.008353144941354328,0.016334205639846028,0.01546878692843394
0.7962166091500716,0.19181295791258085,0.31909704169714703,0.014850035451296583,0.11229728496519399,0.01330315675845319,0.01112988505989635,0.02072817448410148
0.7925355452286281,0.23914744591358872,0.31219853004799125,0.054759505726656145,0.11114126951673052,0.0024750059085494303,0.018742712060412794,0.015159411189865262
0.8543797132463503,0.24007557312929476,0.2903372584556881,0.058162638850911615,0.10791296974111098,0.023512556131219588,0.022909593166501013,0.0204187987455328
0.7748877387063703,0.23388805835792117,0.31540063752300007,0.04795323947814521,0.1147550011841826,0.016396914144139976,0.016378418999262512,0.022584428915513554
0.819222022734955,0.23821931869788268,0.3648026103863352,0.060947020498029726,0.1031545296018232,0.014850035451296583,0.015492144349721295,0.02010942300696412
0.8621463507380698,0.2614224990905336,0.314304231389142,0.0262969377783377,0.10927734240253881,0.01794379283698337,0.014253684875752676,0.017015665621277334
0.8498616046263009,0.22089427733803665,0.3276697878948238,0.03341257976541731,0.11065910751517685,0.027225064994043733,0.022276962821869035,0.01856254431412073
0.7688808672410518,0.2580193659662781,0.3383920093118958,0.05630638441949954,0.1141976028643415,0.014540659712727904,0.01923334223985126,0.017634417098414693
0.81760468379084,0.2289380465408223,0.3220770337572335,0.05630638441949954,0.10973727964332909,0.0204187987455328,0.020960570965154208,0.024440683346925625
0.8445345436893118,0.23326930688078382,0.3455341528086915,0.05909076606661765,0.10743136557261557,0.004950011817098861,0.02064772432762596,0.014231283974159225
0.7633168273185509,0.24626308790066834,0.3288970487373816,0.053522002772381436,0.10477687413563161,0.01330315675845319,0.020836404315074535,0.016087538405571297
0.8263656020613505,0.31432575038577765,0.30237996338926787,0.04145634896820296,0.09192064061124852,0.011756278065609794,0.017799787926775237,0.013921908235590546
0.7706356932361085,0.23110367671080306,0.3407234412716872,0.05599700868093086,0.1181197848341075,0.012684405281315831,0.015623389710649794,0.02815319220974977
0.8181295933369748,0.237909942959314,0.3118296003567708,0.05135637260240068,0.10381142745503602,0.01299378101988451,0.019834392562670174,0.006806266248510933
0.8083184410734205,0.21068487796527027,0.2989819828963192,0.0262969377783377,0.11230069419792071,0.017325041359846013,0.013041164974621829,0.022275053176944875
0.8514907635942904,0.25647248727343475,0.29751174194789126,0.031246949595436557,0.10566508830597511,0.009590647895629042,0.022775508881411086,0.021346925961238838
0.7877682949395112,0.21532551404380046,0.3569294531465314,0.050428245386694645,0.11451193762589584,0.012375029542747152,0.01893015513592648,0.01856254431412073
0.8393337369322221,0.22491616193942948,0.3750649183598491,0.019490671529826763,0.10789286368084804,0.01051877511133508,0.02093010647887551,0.017325041359846013
0.800352318353548,0.2960725818102256,0.34126186773903894,0.042693851922477676,0.11645794837295008,0.028771943686887128,0.014148843908418687,0.02320318039265091
0.7915980416916024,0.16551602013424316,0.3397771387678513,0.05166574834096936,0.10391136430568236,0.016087538405571297,0.02039065428178294,0.023821931869788267
0.7925716676126804,0.2697756440318879,0.3219081939170974,0.018871920052689405,0.1186067661604928,0.009590647895629042,0.018147699422420532,0.0262969377783377
0.8481821235157709,0.2304849252336657,0.33063427113354193,0.031556325334005236,0.10685168998769094,0.024440683346925625,0.009135756078191138,0.01794379283698337
0.8105947160451614,0.19923797563822915,0.3408263020098956,0.017325041359846013,0.12059817442777836,0.015778162667002618,0.01779261685768942,0.011446902327041115
0.7920755788900038,0.21687239273664383,0.3348211059479081,0.05197512407953804,0.1164842452586789,0.006496890509942255,0.022991148610453836,0.015778162667002618
0.8196806642572583,0.27194127420186864,0.338071800104169,0.06930016543938405,0.11428920254617371,0.014540659712727904,0.0167736311728333,0.01794379283698337
0.7988463121479088,0.2908131942545581,0.3145328799773876,0.01794379283698337,0.109958016107557,0.0037125088628241457,0.020208338621065303,0.024750059085494304
0.7907994076296077,0.25306935414917925,0.3267587176377951,0.050428245386694645,0.11422739943839622,0.011137526588472437,0.021672991736915295,0.01856254431412073
0.7770712229234179,0.2527599784106106,0.3095971723525589,0.034959458458260706,0.10960151941279632,0.01330315675845319,0.019464190183324834,0.027225064994043733
0.8046180914307685,0.22213178029231137,0.26720656752631833,0.039909470275359564,0.12135523784746581,0.008353144941354328,0.0125423364734532,0.02010942300696412
0.8461891914624461,0.2103755022267016,0.36653712696679713,0.06342202640657915,0.1117691190518935,0.01794379283698337,0.01364374678358584,0.01856254431412073
0.8460593802921138,0.1738691650755975,0.3435403944737626,0.04021884601392824,0.12298203385390621,0.010828150849903758,0.008488905461697033,0.023512556131219588
0.8270336648776518,0.2539974813648853,0.33101000093080823,0.05290325129524408,0.11871753975379845,0.010828150849903758,0.018966075766210986,0.021965677438376196
0.8568939262294378,0.2611131233519649,0.33450612608416286,0.024440683346925625,0.11660834487332614,0.011446902327041115,0.012683986066070525,0.017015665621277334
